from,to,line
A02S,A03S,A
A03N,A02N,A
A03S,A05S,A
A05N,A03N,A
A05S,A06S,A
A06N,A05N,A
A06S,A07S,A
A07N,A06N,A
A07S,A09S,A
A09N,A07N,A
A09S,A12S,A
A12N,A09N,A
A12S,A15S,A
A15N,A12N,A
A15S,A24S,A
A24N,A15N,A
A24S,A27S,A
A27N,A24N,A
A27S,A28S,A
A28N,A27N,A
A28S,A31S,A
A31N,A28N,A
A31S,A32S,A
A32N,A31N,A
A32S,A34S,A
A34N,A32N,A
A34S,A36S,A
A36N,A34N,A
A36S,A38S,A
A38N,A36N,A
A38S,A40S,A
A40N,A38N,A
A40S,A41S,A
A41N,A40N,A
A41S,A42S,A
A42N,A41N,A
A42S,A46S,A
A46N,A42N,A
A46S,A48S,A
A48N,A46N,A
A48S,A51S,A
A51N,A48N,A
A51S,A55S,A
A55N,A51N,A
A55S,A57S,A
A57N,A55N,A
A57S,A59S,A
A59N,A57N,A
A59S,A60S,A
A60N,A59N,A
A60S,A61S,A
A61N,A60N,A
A61S,A63S,A
A61S,H02S,A
A63N,A61N,A
A63S,A64S,A
A64N,A63N,A
A64S,A65S,A
A65N,A64N,A
H01N,A61N,A
H02N,H01N,A
H02S,H03S,A
H03N,H02N,A
H03S,H04S,A
H04N,H03N,A
H04S,H06S,A
H06N,H04N,A
H06S,H07S,A
H07N,H06N,A
H07S,H08S,A
H08N,H07N,A
H08S,H09S,A
H09N,H08N,A
H09S,H10S,A
H10N,H09N,A
H10S,H11S,A
H11N,H10N,A
A14N,D13N,B
A14S,A15S,B
A15N,A14N,B
A15S,A16S,B
A16N,A15N,B
A16S,A17S,B
A17N,A16N,B
A17S,A18S,B
A18N,A17N,B
A18S,A19S,B
A19N,A18N,B
A19S,A20S,B
A20N,A19N,B
A20S,A21S,B
A21N,A20N,B
A21S,A22S,B
A22N,A21N,B
A22S,A24S,B
A24N,A22N,B
A24S,D14S,B
D03S,D04S,B
D04N,D03N,B
D04S,D05S,B
D05N,D04N,B
D05S,D06S,B
D06N,D05N,B
D06S,D07S,B
D07N,D06N,B
D07S,D08S,B
D08N,D07N,B
D08S,D09S,B
D09N,D08N,B
D09S,D10S,B
D10N,D09N,B
D10S,D11S,B
D11N,D10N,B
D11S,D12S,B
D12N,D11N,B
D12S,D13S,B
D13N,D12N,B
D13S,A14S,B
D14N,A24N,B
D14S,D15S,B
D15N,D14N,B
D15S,D16S,B
D16N,D15N,B
D16S,D17S,B
D17N,D16N,B
D17S,D20S,B
D20N,D17N,B
D20S,D21S,B
D21N,D20N,B
D21S,D22S,B
D22N,D21N,B
D22S,R30S,B
D24N,R30N,B
D24S,D25S,B
D25N,D24N,B
D25S,D26S,B
D26N,D25N,B
D26S,D28S,B
D28N,D26N,B
D28S,D31S,B
D31N,D28N,B
D31S,D35S,B
D35N,D31N,B
D35S,D39S,B
D39N,D35N,B
D39S,D40S,B
D40N,D39N,B
R30N,D22N,B
R30S,D24S,B
A09S,A10S,C
A10N,A09N,C
A10S,A11S,C
A11N,A10N,C
A11S,A12S,C
A12N,A11N,C
A12S,A14S,C
A14N,A12N,C
A14S,A15S,C
A15N,A14N,C
A15S,A16S,C
A16N,A15N,C
A16S,A17S,C
A17N,A16N,C
A17S,A18S,C
A18N,A17N,C
A18S,A19S,C
A19N,A18N,C
A19S,A20S,C
A20N,A19N,C
A20S,A21S,C
A21N,A20N,C
A21S,A22S,C
A22N,A21N,C
A22S,A24S,C
A24N,A22N,C
A24S,A25S,C
A25N,A24N,C
A25S,A27S,C
A27N,A25N,C
A27S,A28S,C
A28N,A27N,C
A28S,A30S,C
A30N,A28N,C
A30S,A31S,C
A31N,A30N,C
A31S,A32S,C
A32N,A31N,C
A32S,A33S,C
A33N,A32N,C
A33S,A34S,C
A34N,A33N,C
A34S,A36S,C
A36N,A34N,C
A36S,A38S,C
A38N,A36N,C
A38S,A40S,C
A40N,A38N,C
A40S,A41S,C
A41N,A40N,C
A41S,A42S,C
A42N,A41N,C
A42S,A43S,C
A43N,A42N,C
A43S,A44S,C
A44N,A43N,C
A44S,A45S,C
A45N,A44N,C
A45S,A46S,C
A46N,A45N,C
A46S,A47S,C
A47N,A46N,C
A47S,A48S,C
A48N,A47N,C
A48S,A49S,C
A49N,A48N,C
A49S,A50S,C
A50N,A49N,C
A50S,A51S,C
A51N,A50N,C
A51S,A52S,C
A52N,A51N,C
A52S,A53S,C
A53N,A52N,C
A53S,A54S,C
A54N,A53N,C
A54S,A55S,C
A55N,A54N,C
A15N,D13N,D
A15S,A24S,D
A24N,A15N,D
A24S,D14S,D
B12N,R36N,D
B12S,B13S,D
B13N,B12N,D
B13S,B14S,D
B14N,B13N,D
B14S,B15S,D
B15N,B14N,D
B15S,B16S,D
B16N,B15N,D
B16S,B17S,D
B17N,B16N,D
B17S,B18S,D
B18N,B17N,D
B18S,B19S,D
B19N,B18N,D
B19S,B20S,D
B20N,B19N,D
B20S,B21S,D
B21N,B20N,D
B21S,B22S,D
B22N,B21N,D
B22S,B23S,D
B23N,B22N,D
B23S,D43S,D
D01S,D03S,D
D03N,D01N,D
D03S,D04S,D
D04N,D03N,D
D04S,D05S,D
D05N,D04N,D
D05S,D06S,D
D05S,D07S,D
D06N,D05N,D
D06S,D07S,D
D07N,D05N,D
D07N,D06N,D
D07S,D08S,D
D07S,D13S,D
D08N,D07N,D
D08S,D09S,D
D09N,D08N,D
D09S,D10S,D
D10N,D09N,D
D10S,D11S,D
D11N,D10N,D
D11S,D12S,D
D12N,D11N,D
D12S,D13S,D
D13N,D07N,D
D13N,D12N,D
D13S,A15S,D
D14N,A24N,D
D14S,D15S,D
D15N,D14N,D
D15S,D16S,D
D16N,D15N,D
D16S,D17S,D
D17N,D16N,D
D17S,D20S,D
D20N,D17N,D
D20S,D21S,D
D21N,D20N,D
D21S,D22S,D
D22N,D21N,D
D22S,R31S,D
D43N,B23N,D
R31N,D22N,D
R31S,R36S,D
R36N,R31N,D
R36S,B12S,D
A25N,D14N,E
A25S,A27S,E
A27N,A25N,E
A27S,A28S,E
A28N,A27N,E
A28S,A30S,E
A30N,A28N,E
A30S,A31S,E
A31N,A30N,E
A31S,A32S,E
A32N,A31N,E
A32S,A33S,E
A33N,A32N,E
A33S,A34S,E
A34N,A33N,E
A34S,E01S,E
D14N,F12N,E
D14S,A25S,E
E01N,A34N,E
F05S,F06S,E
F06N,G07N,E
F06S,F07S,E
F06S,G08S,E
F07S,G08S,E
F09N,G21N,E
F09S,F11S,E
F11N,F09N,E
F11S,F12S,E
F12N,F11N,E
F12S,D14S,E
G05S,G06S,E
G06N,G05N,E
G06S,G07S,E
G07N,G06N,E
G07S,F05S,E
G07S,F06S,E
G08N,F06N,E
G08S,G14S,E
G14N,G08N,E
G14S,G21S,E
G21N,G14N,E
G21S,F09S,E
A41N,F18N,F
A41S,F20S,F
B04N,G14N,F
B04S,B06S,F
B06N,B04N,F
B06S,B08S,F
B08N,B06N,F
B08S,B10S,F
B10N,B08N,F
B10S,D15S,F
D15N,B10N,F
D15S,D16S,F
D16N,D15N,F
D16S,D17S,F
D17N,D16N,F
D17S,D18S,F
D18N,D17N,F
D18S,D19S,F
D19N,D18N,F
D19S,D20S,F
D20N,D19N,F
D20S,D21S,F
D21N,D20N,F
D21S,F14S,F
D42N,F39N,F
D42S,D43S,F
D43N,D42N,F
F01S,F02S,F
F02N,F01N,F
F02S,F03S,F
F03N,F02N,F
F03S,F04S,F
F04N,F03N,F
F04S,F05S,F
F05N,F04N,F
F05S,F06S,F
F06N,F05N,F
F06S,F07S,F
F07N,F06N,F
F07S,G08S,F
F14N,D21N,F
F14S,F15S,F
F15N,F14N,F
F15S,F16S,F
F16N,F15N,F
F16S,F18S,F
F18N,F16N,F
F18S,A41S,F
F20N,A41N,F
F20S,F21S,F
F21N,F20N,F
F21S,F22S,F
F22N,F21N,F
F22S,F23S,F
F23N,F22N,F
F23S,F24S,F
F24N,F23N,F
F24S,F25S,F
F25N,F24N,F
F25S,F26S,F
F26N,F25N,F
F26S,F27S,F
F27N,F26N,F
F27S,F29S,F
F29N,F27N,F
F29S,F30S,F
F30N,F29N,F
F30S,F31S,F
F31N,F30N,F
F31S,F32S,F
F32N,F31N,F
F32S,F33S,F
F33N,F32N,F
F33S,F34S,F
F34N,F33N,F
F34S,F35S,F
F35N,F34N,F
F35S,F36S,F
F36N,F35N,F
F36S,F38S,F
F38N,F36N,F
F38S,F39S,F
F39N,F38N,F
F39S,D42S,F
G08N,F07N,F
G08S,G14S,F
G14N,G08N,F
G14S,B04S,F
A42N,G36N,G
A42S,F20S,G
F20N,A42N,G
F20S,F21S,G
F21N,F20N,G
F21S,F22S,G
F22N,F21N,G
F22S,F23S,G
F23N,F22N,G
F23S,F24S,G
F24N,F23N,G
F24S,F25S,G
F25N,F24N,G
F25S,F26S,G
F26N,F25N,G
F26S,F27S,G
F27N,F26N,G
G22S,G24S,G
G24N,G22N,G
G24S,G26S,G
G26N,G24N,G
G26S,G28S,G
G28N,G26N,G
G28S,G29S,G
G29N,G28N,G
G29S,G30S,G
G30N,G29N,G
G30S,G31S,G
G31N,G30N,G
G31S,G32S,G
G32N,G31N,G
G32S,G33S,G
G33N,G32N,G
G33S,G34S,G
G34N,G33N,G
G34S,G35S,G
G35N,G34N,G
G35S,G36S,G
G36N,G35N,G
G36S,A42S,G
H04S,H12S,H
H12N,H04N,H
H12S,H13S,H
H13N,H12N,H
H13S,H14S,H
H14N,H13N,H
H14S,H15S,H
H15N,H14N,H
G05S,G06S,J
G06N,G05N,J
G06S,J12S,J
J12N,G06N,J
J12S,J13S,J
J13N,J12N,J
J13S,J14S,J
J14N,J13N,J
J14S,J15S,J
J15N,J14N,J
J15S,J16S,J
J16N,J15N,J
J16S,J17S,J
J17N,J16N,J
J17S,J19S,J
J19N,J17N,J
J19S,J20S,J
J20N,J19N,J
J20S,J21S,J
J21N,J20N,J
J21S,J22S,J
J22N,J21N,J
J22S,J23S,J
J23N,J22N,J
J23S,J24S,J
J24N,J23N,J
J24S,J27S,J
J27N,J24N,J
J27S,J28S,J
J28N,J27N,J
J28S,J29S,J
J29N,J28N,J
J29S,J30S,J
J30N,J29N,J
J30S,J31S,J
J31N,J30N,J
J31S,M11S,J
M11N,J31N,J
M11S,M12S,J
M11S,M16S,J
M12N,M11N,J
M12S,M13S,J
M13N,M12N,J
M13S,M14S,J
M14N,M13N,J
M14S,M16S,J
M16N,M11N,J
M16N,M14N,J
M16S,M18S,J
M18N,M16N,J
M18S,M19S,J
M19N,M18N,J
M19S,M20S,J
M20N,M19N,J
M20S,M21S,J
M21N,M20N,J
M21S,M22S,J
M22N,M21N,J
M22S,M23S,J
M23N,M22N,J
L01S,L02S,L
L02N,L01N,L
L02S,L03S,L
L03N,L02N,L
L03S,L05S,L
L05N,L03N,L
L05S,L06S,L
L06N,L05N,L
L06S,L08S,L
L08N,L06N,L
L08S,L10S,L
L10N,L08N,L
L10S,L11S,L
L11N,L10N,L
L11S,L12S,L
L12N,L11N,L
L12S,L13S,L
L13N,L12N,L
L13S,L14S,L
L14N,L13N,L
L14S,L15S,L
L15N,L14N,L
L15S,L16S,L
L16N,L15N,L
L16S,L17S,L
L17N,L16N,L
L17S,L19S,L
L19N,L17N,L
L19S,L20S,L
L20N,L19N,L
L20S,L21S,L
L21N,L20N,L
L21S,L22S,L
L22N,L21N,L
L22S,L24S,L
L24N,L22N,L
L24S,L25S,L
L25N,L24N,L
L25S,L26S,L
L26N,L25N,L
L26S,L27S,L
L27N,L26N,L
L27S,L28S,L
L28N,L27N,L
L28S,L29S,L
L29N,L28N,L
D15N,F12N,M
D15S,D16S,M
D16N,D15N,M
D16S,D17S,M
D17N,D16N,M
D17S,D18S,M
D18N,D17N,M
D18S,D19S,M
D19N,D18N,M
D19S,D20S,M
D20N,D19N,M
D20S,D21S,M
D21N,D20N,M
D21S,M18S,M
F09N,G21N,M
F09S,F11S,M
F11N,F09N,M
F11S,F12S,M
F12N,F11N,M
F12S,D15S,M
G08S,G09S,M
G09N,G08N,M
G09S,G10S,M
G10N,G09N,M
G10S,G11S,M
G11N,G10N,M
G11S,G12S,M
G12N,G11N,M
G12S,G13S,M
G13N,G12N,M
G13S,G14S,M
G14N,G13N,M
G14S,G15S,M
G15N,G14N,M
G15S,G16S,M
G16N,G15N,M
G16S,G18S,M
G18N,G16N,M
G18S,G19S,M
G19N,G18N,M
G19S,G20S,M
G20N,G19N,M
G20S,G21S,M
G21N,G20N,M
G21S,F09S,M
M01N,M04N,M
M04N,M05N,M
M04S,M01S,M
M05N,M06N,M
M05S,M04S,M
M06N,M08N,M
M06S,M05S,M
M08N,M09N,M
M08S,M06S,M
M09N,M10N,M
M09S,M08S,M
M10N,M11N,M
M10S,M09S,M
M11N,M12N,M
M11S,M10S,M
M12N,M13N,M
M12S,M11S,M
M13N,M14N,M
M13S,M12S,M
M14N,M16N,M
M14S,M13S,M
M16N,M18N,M
M16S,M14S,M
M18N,D21N,M
M18S,M16S,M
D43N,N10N,N
N02N,R41N,N
N02S,N03S,N
N03N,N02N,N
N03S,N04S,N
N04N,N03N,N
N04S,N05S,N
N05N,N04N,N
N05S,N06S,N
N06N,N05N,N
N06S,N07S,N
N07N,N06N,N
N07S,N08S,N
N08N,N07N,N
N08S,N09S,N
N09N,N08N,N
N09S,N10S,N
N10N,N09N,N
N10S,D43S,N
Q01N,R20N,N
Q01S,R31S,N
R01S,R03S,N
R03N,R01N,N
R03S,R04S,N
R04N,R03N,N
R04S,R05S,N
R05N,R04N,N
R05S,R06S,N
R06N,R05N,N
R06S,R08S,N
R08N,R06N,N
R08S,R09S,N
R09N,R08N,N
R09S,R11S,N
R11N,R09N,N
R11S,R13S,N
R13N,R11N,N
R13S,R14S,N
R14N,R13N,N
R14S,R15S,N
R15N,R14N,N
R15S,R16S,N
R16N,R15N,N
R16S,R17S,N
R17N,R16N,N
R17S,R18S,N
R17S,R20S,N
R18N,R17N,N
R18S,R19S,N
R19N,R18N,N
R19S,R20S,N
R20N,R17N,N
R20N,R19N,N
R20S,Q01S,N
R20S,R21S,N
R21N,R20N,N
R21S,R22S,N
R22N,R21N,N
R22S,R23S,N
R23N,R22N,N
R23S,R24S,N
R24N,R23N,N
R24S,R25S,N
R25N,R24N,N
R25S,R26S,N
R26N,R25N,N
R26S,R27S,N
R27N,R26N,N
R31N,Q01N,N
R31S,R36S,N
R36N,R31N,N
R36S,R41S,N
R41N,R36N,N
R41S,N02S,N
B08N,Q03N,Q
B08S,R14S,Q
D24N,R30N,Q
D24S,D25S,Q
D25N,D24N,Q
D25S,D26S,Q
D26N,D25N,Q
D26S,D27S,Q
D27N,D26N,Q
D27S,D28S,Q
D28N,D27N,Q
D28S,D29S,Q
D29N,D28N,Q
D29S,D30S,Q
D30N,D29N,Q
D30S,D31S,Q
D31N,D30N,Q
D31S,D32S,Q
D32N,D31N,Q
D32S,D33S,Q
D33N,D32N,Q
D33S,D34S,Q
D34N,D33N,Q
D34S,D35S,Q
D35N,D34N,Q
D35S,D37S,Q
D37N,D35N,Q
D37S,D38S,Q
D38N,D37N,Q
D38S,D39S,Q
D39N,D38N,Q
D39S,D40S,Q
D40N,D39N,Q
D40S,D41S,Q
D41N,D40N,Q
D41S,D42S,Q
D42N,D41N,Q
D42S,D43S,Q
D43N,D42N,Q
Q01N,R20N,Q
Q01S,R30S,Q
Q03N,Q04N,Q
Q03S,B08S,Q
Q04N,Q05N,Q
Q04S,Q03S,Q
Q05S,Q04S,Q
R14N,B08N,Q
R14S,R16S,Q
R16N,R14N,Q
R16S,R17S,Q
R17N,R16N,Q
R17S,R20S,Q
R20N,R17N,Q
R20S,Q01S,Q
R30N,Q01N,Q
R30S,D24S,Q
G08S,G09S,R
G09N,G08N,R
G09S,G10S,R
G10N,G09N,R
G10S,G11S,R
G11N,G10N,R
G11S,G12S,R
G12N,G11N,R
G12S,G13S,R
G13N,G12N,R
G13S,G14S,R
G14N,G13N,R
G14S,G15S,R
G15N,G14N,R
G15S,G16S,R
G16N,G15N,R
G16S,G18S,R
G18N,G16N,R
G18S,G19S,R
G19N,G18N,R
G19S,G20S,R
G20N,G19N,R
G20S,G21S,R
G21N,G20N,R
G21S,R11S,R
R11N,G21N,R
R11S,R13S,R
R13N,R11N,R
R13S,R14S,R
R14N,R13N,R
R14S,R15S,R
R15N,R14N,R
R15S,R16S,R
R16N,R15N,R
R16S,R17S,R
R17N,R16N,R
R17S,R18S,R
R18N,R17N,R
R18S,R19S,R
R19N,R18N,R
R19S,R20S,R
R20N,R19N,R
R20S,R21S,R
R21N,R20N,R
R21S,R22S,R
R22N,R21N,R
R22S,R23S,R
R23N,R22N,R
R23S,R24S,R
R24N,R23N,R
R24S,R25S,R
R25N,R24N,R
R25S,R26S,R
R26N,R25N,R
R26S,R27S,R
R27N,R26N,R
R27S,R28S,R
R28N,R27N,R
R28S,R29S,R
R29N,R28N,R
R29S,R30S,R
R30N,R29N,R
R30S,R31S,R
R31N,R30N,R
R31S,R32S,R
R32N,R31N,R
R32S,R33S,R
R33N,R32N,R
R33S,R34S,R
R34N,R33N,R
R34S,R35S,R
R35N,R34N,R
R35S,R36S,R
R36N,R35N,R
R36S,R39S,R
R39N,R36N,R
R39S,R40S,R
R40N,R39N,R
R40S,R41S,R
R41N,R40N,R
R41S,R42S,R
R42N,R41N,R
R42S,R43S,R
R43N,R42N,R
R43S,R44S,R
R44N,R43N,R
R44S,R45S,R
R45N,R44N,R
S09N,S11N,S
S11N,S13N,S
S11S,S09S,S
S13N,S14N,S
S13S,S11S,S
S14N,S15N,S
S14S,S13S,S
S15N,S16N,S
S15S,S14S,S
S16N,S17N,S
S16S,S15S,S
S17N,S18N,S
S17S,S16S,S
S18N,S19N,S
S18S,S17S,S
S19N,S20N,S
S19S,S18S,S
S20N,S21N,S
S20S,S19S,S
S21N,S22N,S
S21S,S20S,S
S22N,S23N,S
S22S,S21S,S
S23N,S24N,S
S23S,S22S,S
S24N,S25N,S
S24S,S23S,S
S25N,S26N,S
S25S,S24S,S
S26N,S27N,S
S26S,S25S,S
S27N,S28N,S
S27S,S26S,S
S28N,S29N,S
S28S,S27S,S
S29N,S30N,S
S29S,S28S,S
S30N,S31N,S
S30S,S29S,S
S31S,S19S,S
S31S,S30S,S
